QUA0017;Quaker Eliminado
QUA0024;Quaker instantaneo 500g.OFERTA
GOP0004;Atun Trozo Gomez 170g.
GOP0001;Atun Desmenuzado Gomez 170g.
GOP0018;Atun Gomez Claro.
GOP0002;Atun Lomo Gomez 170g.
QUA0018;Quaker Tradicional 550g.OFERTA
GOP0020;Atun Gomez Lomo Bajo Sodio 170g.
QUA0025;Quaker Eliminado 2
ARV0238;Azucar Tucu x10u.
LLO0021;Te Green Hills x50x10u.
GRA0036;Gall. Granix Salvado 240g.
GRA0044;Gall. Granix Sesamo 185g.
GRA0019;Gall. Frutigran Frutos Rojos.
PAR0012;Gall. Parnor Coco 170g.
BEN0009;Gall. Yabila 160g.
GAV0005;Gall. Celosas 110g.
JOR0011;Bizcocho Jorgito x400g.
GAV0036;Gall. Terepin 200g.
GAV0026;Gall. Terepin 400g.
GRA0034;Gall. Granix s/s 200g.
GRA0032;Gall. Granagua Sandwich.
GRA0053;Gall. Frutigran tropical 250g.
BEN0016;Gall. Anillos Coco Benjamin.
LDC0012;Unidad Budin Pudding 300g.
GAV0029;Gall. Celosas 350g.
DON0005;Don Satur Agridulces 200g.
LLO0020;Te Green Hills x25x20u.
JOR0010;Bizcocho Jorgito x200g.
GRA0035;Gall. Granix s/s 140g.
GRA0017;Gall. Frutigran Salvado 250g.
GRA0024;Gall. Frutigran c/amaranto.
GAV0052;Gall. Coco Pais 140g.
PAR0015;Gall. Parnor Mini Marmoladas 170g.
BEN0007;Gall. Nankin 160g.
GAV0006;Gall. Celosas 230g.
GRA0041;Gall. Granix Cereal.
GRA0043;Gall. Granix Lino.
GRA0046;Gall. Granix sesamo s/s.
GRA0026;Gall. Frutigran c/chia y lino.
GRA0027;Gall. Frutigran chocolate.
PAR0016;Gall. Parnor Morochitas 140g.
BEN0017;Gall. Naomi.
RPB0024;Si Diet 200ccx6u.
RPB0052;Si Diet 600cc x6u.
RPB0029;Si Diet 250cc x6u.
BON0076;Unid. Huevo Loly Choc bolsa 80g.
BON0077;Unid. Huevo Mecano 115g.
BON0078;Unid. Huevo Mecano bolsa 126g.
BON0079;Unid. Huevo Mecano bolsa 67g.
BON0080;Unid. Huevo Nugaton 91g. Le-bc
BON0081;Unid. Huevo Vizzio 87g.
BON0083;Unid. Conejo plano Bonafide 60g.
BEN0015;Gall. Benjamin c/chips choc. 120g
LDC0012;Unidad Budin Pudding 300g.
LMA0172;Gall. Bauducco Cookies 60g.
ARV0309;Alf. Fiesta Mini colores x6u.
ARV0320;Unid. Alf. Grandote XXL.
ARV0315;Alf. Junior Mini x6u. Ch-bc
ARV0318;Alf. Mufaso unidad.
